Workbook

Sheet 안내
B1: Moumm Phase 0 스파이크 측정 시트
B2: 목표: 앱을 만들기 전에 아래 세 질문에 숫자로 답한다. 기간 2~3일, 샘플 링크 30개.
B4: 세 가지 질문
B5: 1. 단서 추출 | C5: 링크만으로 장소명·지역 단서를 얻을 수 있는가?
B6: 2. 장소 매칭 | C6: 그 단서로 카카오 검색 1~3위 안에서 정확한 장소를 찾을 수 있는가?
B7: 3. 정보 채움 | C7: 찾은 장소의 영업시간·평점·가격대·리뷰를 무엇으로 채울 수 있는가?
B9: 시트 구성
B10: 샘플데이터 | C10: 링크 1개당 1행. 30행(No 1~30)이 준비되어 있다. 회색 '예시' 행은 집계에서 빠진다.
B11: 캡션복사 | C11: iOS·Android 인스타 앱에서 캡션을 실제로 복사할 수 있는지 수동 확인한 결과.
B12: 결과집계 | C12: 자동 계산. 지표와 판단 기준선, 그에 따른 결정이 나온다. 기준선(노란 칸)은 수정할 수 있다.
B14: 입력 규칙
B15: 노란 칸 | C15: 직접 입력하는 칸이다. 그 외 칸은 수식이므로 건드리지 않는다.
B16: Y / N | C16: 드롭다운에서 고른다. 아직 확인하지 않았으면 비워 둔다.
B17: 카카오 순위 | C17: 정답 장소가 나온 순위(1, 2, 3 …)를 숫자로 적는다. 결과에 없으면 0.
B18: 베이스라인 | C18: 지금 방식(네이버지도 등)으로 방문 여부를 판단하는 데 걸린 시간(초)과 검색 횟수.
B19: og 메타 수집 | C19: 로컬 PC가 아니라 실제 배포 서버(Vercel 등)에서 요청한 결과를 적는다.
B20: 커버 OCR 단서 | C20: 릴스·게시물의 커버 이미지 한 장만 OCR로 읽었을 때 장소 단서가 나오는지. 링크 메타로 단서를 못 얻은 경우에 특히 기록한다.
B22: 진행 순서
B23: Day 1 | C23: 지인 4~5명에게 링크 5~6개씩 수집 → 정답 장소 라벨링 → 베이스라인 측정
B24: Day 2 | C24: 서버에서 og 메타 수집 → LLM 단서 추출 → 카카오 검색 순위 → Google Places 필드 확인 → 캡션 복사 테스트
B25: Day 3 | C25: 결과집계 시트 확인 → 결정 사항을 설계 문서에 반영
B27: 샘플 구성 가이드
B28: 섞을 것 | C28: 게시물·릴스, 대형·소형 계정, 서울·지방, 신규 오픈 매장을 고루 포함한다.

Sheet 결과집계
A1: 결과 집계 — 자동 계산
A2: 샘플데이터 시트의 No 1~30 행만 집계한다(예시 행 제외). 비율의 분모는 입력된 샘플 수.
A4: 1. 샘플
A5: 항목 | B5: 값 | E5: 설명
A6: 입력된 샘플 수 | B6: =COUNTA(샘플데이터!$C$5:$C$34) -> 13 | E6: URL이 입력된 행 수
A7: 릴스 비율 | B7: =IF(B6=0,"",COUNTIF(샘플데이터!$D$5:$D$34,"릴스")/B6) -> 0.76923077 | E7: 게시물/릴스 구성 확인용
A8: 소형 계정 비율 | B8: =IF(B6=0,"",COUNTIF(샘플데이터!$E$5:$E$34,"소형")/B6) -> 0.15384615 | E8: 표본 편향 확인용
A9: 신규 오픈 매장 수 | B9: =COUNTIF(샘플데이터!$G$5:$G$34,"Y") -> 0 | E9: 카카오 미등록 가능성이 높은 표본
A10: 베이스라인 평균 판단 시간(초) | B10: =IFERROR(AVERAGE(샘플데이터!$J$5:$J$34),"") | E10: 10명 테스트의 비교 기준
A11: 베이스라인 평균 검색 횟수(회) | B11: =IFERROR(AVERAGE(샘플데이터!$K$5:$K$34),"") | E11: 10명 테스트의 비교 기준
A13: 2. 지표
A14: 지표 | B14: 전체 | C14: 게시물 | D14: 릴스 | E14: 설명
A15: og 메타 수집 성공률 | B15: =IF($B$6=0,"",COUNTIF(샘플데이터!$L$5:$L$34,"Y")/$B$6) -> 1 | C15: =IF(COUNTIFS(샘플데이터!$C$5:$C$34,"<>",샘플데이터!$D$5:$D$34,"게시물")=0,"",COUNTIFS(샘플데이터!$L$5:$L$34,"Y",샘플데이터!$D$5:$D$34,"게시물")/COUNTIFS(샘플데이터!$C$5:$C$34,"<>",샘플데이터!$D$5:$D$34,"게시물")) -> 1 | D15: =IF(COUNTIFS(샘플데이터!$C$5:$C$34,"<>",샘플데이터!$D$5:$D$34,"릴스")=0,"",COUNTIFS(샘플데이터!$L$5:$L$34,"Y",샘플데이터!$D$5:$D$34,"릴스")/COUNTIFS(샘플데이터!$C$5:$C$34,"<>",샘플데이터!$D$5:$D$34,"릴스")) -> 1 | E15: 서버 IP에서 메타데이터를 받은 비율
A16: 단서 추출률 | B16: =IF($B$6=0,"",COUNTIF(샘플데이터!$O$5:$O$34,"Y")/$B$6) -> 0.69230769 | C16: =IF(COUNTIFS(샘플데이터!$C$5:$C$34,"<>",샘플데이터!$D$5:$D$34,"게시물")=0,"",COUNTIFS(샘플데이터!$O$5:$O$34,"Y",샘플데이터!$D$5:$D$34,"게시물")/COUNTIFS(샘플데이터!$C$5:$C$34,"<>",샘플데이터!$D$5:$D$34,"게시물")) -> 0.33333333 | D16: =IF(COUNTIFS(샘플데이터!$C$5:$C$34,"<>",샘플데이터!$D$5:$D$34,"릴스")=0,"",COUNTIFS(샘플데이터!$O$5:$O$34,"Y",샘플데이터!$D$5:$D$34,"릴스")/COUNTIFS(샘플데이터!$C$5:$C$34,"<>",샘플데이터!$D$5:$D$34,"릴스")) -> 0.8 | E16: 질문 1 · 링크만으로 장소 단서를 얻은 비율
A17: 커버 OCR 단서 추출률 | B17: =IF($B$6=0,"",COUNTIF(샘플데이터!$P$5:$P$34,"Y")/$B$6) -> 0.076923077 | C17: =IF(COUNTIFS(샘플데이터!$C$5:$C$34,"<>",샘플데이터!$D$5:$D$34,"게시물")=0,"",COUNTIFS(샘플데이터!$P$5:$P$34,"Y",샘플데이터!$D$5:$D$34,"게시물")/COUNTIFS(샘플데이터!$C$5:$C$34,"<>",샘플데이터!$D$5:$D$34,"게시물")) -> 0 | D17: =IF(COUNTIFS(샘플데이터!$C$5:$C$34,"<>",샘플데이터!$D$5:$D$34,"릴스")=0,"",COUNTIFS(샘플데이터!$P$5:$P$34,"Y",샘플데이터!$D$5:$D$34,"릴스")/COUNTIFS(샘플데이터!$C$5:$C$34,"<>",샘플데이터!$D$5:$D$34,"릴스")) -> 0.1 | E17: 커버 이미지 한 장으로 단서를 얻은 비율
A18: 링크 또는 커버 단서 추출률 | B18: =IF($B$6=0,"",SUMPRODUCT(--(((샘플데이터!$O$5:$O$34="Y")+(샘플데이터!$P$5:$P$34="Y"))>0))/$B$6) -> 0.76923077 | E18: 링크 메타 + 커버 OCR까지 쓰면 확보되는 비율
A19: 카카오 1위 매칭률 | B19: =IF($B$6=0,"",SUMPRODUCT(--(((샘플데이터!$Q$5:$Q$34=1)+(샘플데이터!$R$5:$R$34=1))>0))/$B$6) -> 0.69230769 | E19: 두 검색 중 하나라도 정답이 1위
A20: 카카오 Top 3 매칭률 | B20: =IF($B$6=0,"",COUNTIF(샘플데이터!$S$5:$S$34,"Y")/$B$6) -> 0.76923077 | C20: =IF(COUNTIFS(샘플데이터!$C$5:$C$34,"<>",샘플데이터!$D$5:$D$34,"게시물")=0,"",COUNTIFS(샘플데이터!$S$5:$S$34,"Y",샘플데이터!$D$5:$D$34,"게시물")/COUNTIFS(샘플데이터!$C$5:$C$34,"<>",샘플데이터!$D$5:$D$34,"게시물")) -> 0.66666667 | D20: =IF(COUNTIFS(샘플데이터!$C$5:$C$34,"<>",샘플데이터!$D$5:$D$34,"릴스")=0,"",COUNTIFS(샘플데이터!$S$5:$S$34,"Y",샘플데이터!$D$5:$D$34,"릴스")/COUNTIFS(샘플데이터!$C$5:$C$34,"<>",샘플데이터!$D$5:$D$34,"릴스")) -> 0.8 | E20: 질문 2 · 정답이 1~3위 안
A21: 상호+지역 검색이 더 나은 비율 | B21: =IF($B$6=0,"",SUMPRODUCT((샘플데이터!$R$5:$R$34>0)*((샘플데이터!$Q$5:$Q$34=0)+(샘플데이터!$R$5:$R$34<샘플데이터!$Q$5:$Q$34)>0))/$B$6) -> 0.23076923 | E21: 검색어 전략 판단용
A22: Google 장소 찾음률 | B22: =IF($B$6=0,"",COUNTIF(샘플데이터!$T$5:$T$34,"Y")/$B$6) -> 0.61538462 | E22: Google Places에서 정답 장소를 찾은 비율
A23: Google 영업시간 채움률 | B23: =IF($B$6=0,"",COUNTIF(샘플데이터!$U$5:$U$34,"Y")/$B$6) -> 0.53846154 | E23: 질문 3
A24: Google 평점 채움률 | B24: =IF($B$6=0,"",COUNTIF(샘플데이터!$V$5:$V$34,"Y")/$B$6) -> 0.53846154 | E24: 질문 3
A25: Google 가격대 채움률 | B25: =IF($B$6=0,"",COUNTIF(샘플데이터!$W$5:$W$34,"Y")/$B$6) -> 0.38461538 | E25: 질문 3
A26: Google 리뷰 채움률 | B26: =IF($B$6=0,"",COUNTIF(샘플데이터!$X$5:$X$34,"Y")/$B$6) -> 0.53846154 | E26: 질문 3
A28: 3. 판단 (기준선은 노란 칸에서 수정 가능)
A29: 질문 | B29: 현재 값 | C29: 기준선 상 | D29: 기준선 하 | E29: 결정
A30: 1. 단서 추출률 | B30: =B16 -> 0.69230769 | C30: 0.5 | D30: 0.2 | E30: =IF(B30="","샘플 입력 필요",IF(B30>=C30,"링크를 기본 경로로 유지",IF(B30>=D30,"홈에서 링크와 캡션을 함께 받기","캡션·스크린샷을 기본 경로로 재설계"))) -> 링크를 기본 경로로 유지
A31: 2. 카카오 Top 3 매칭률 | B31: =B20 -> 0.76923077 | C31: 0.8 | D31: 0.6 | E31: =IF(B31="","샘플 입력 필요",IF(B31>=C31,"카카오 유지",IF(B31>=D31,"카카오 유지 + 검색어 전략 보완","검색어 전략 또는 제공자 재검토"))) -> 카카오 유지 + 검색어 전략 보완
A32: 3. Google 정보 채움률 (영업시간·평점 중 낮은 값) | B32: =IF(B23="","",MIN(B23,B24)) -> 0.53846154 | C32: 0.7 | D32: — | E32: =IF(B32="","샘플 입력 필요",IF(B32>=C32,"Google Places를 보조 제공자로 채택","가설을 '게시물 추천 맥락 + 기본 장소 정보'로 축소")) -> 가설을 '게시물 추천 맥락 + 기본 장소 정보'로 축소
A34: 보조 확인
A35: 항목 | B35: 값 | E35: 설명
A36: 캡션 복사 가능한 경우(4개 중) | B36: =COUNTIF(캡션복사!$D$4:$D$7,"Y") -> 0 | E36: 캡션복사 시트 · 2 미만이면 캡션 대체 경로는 약함
A37: 커버 OCR로만 단서를 얻은 건수 | B37: =COUNTIFS(샘플데이터!$O$5:$O$34,"N",샘플데이터!$P$5:$P$34,"Y") -> 1 | E37: 링크 메타는 실패했지만 커버 이미지로 확보 · 영상 분석 필요성 판단용
A38: 신규 오픈 + 단서 추출 실패 건수 | B38: =COUNTIFS(샘플데이터!$O$5:$O$34,"N",샘플데이터!$G$5:$G$34,"Y") -> 0 | E38: 카카오 미등록 가능성과 함께 볼 표본
A40: 기준선 출처: Moumm MVP 설계 문서 PM 리뷰의 Phase 0 제안값. 60~80% 구간 결정은 이 시트에서 보완한 가정.

Sheet 샘플데이터
A1: 샘플 데이터 — 링크 1개당 1행
A2: 기본 정보 · 정답 라벨 (Day 1) | J2: 베이스라인 (Day 1) | L2: 단서 추출 (Day 2) | Q2: 카카오 매칭 (Day 2) | T2: Google Places 채움 (Day 2)
A3: No | B3: 수집자 | C3: URL | D3: 유형 | E3: 계정 규모 | F3: 지역 | G3: 신규 오픈 | H3: 정답 장소명 | I3: 정답 주소 | J3: 판단 시간(초) | K3: 검색 횟수(회) | L3: og 메타 수집 | M3: 추출 장소명 단서 | N3: 추출 지역 단서 | O3: 단서 추출(링크 메타) | P3: 커버 OCR 단서 | Q3: 순위: 상호만 | R3: 순위: 상호+지역 | S3: Top 3 매칭(자동) | T3: 장소 찾음 | U3: 영업시간 | V3: 평점 | W3: 가격대 | X3: 리뷰 | Y3: 메모
A4: 예시 | B4: 지현 | C4: https://www.instagram.com/reel/EXAMPLE123/ | D4: 릴스 | E4: 소형 | F4: 성수 | G4: N | H4: 예시카페 성수점 | I4: 서울 성동구 연무장길 00 | J4: 180 | K4: 3 | L4: Y | M4: 예시카페 | N4: 성수 | O4: Y | P4: Y | Q4: 2 | R4: 1 | S4: =IF(AND(Q4="",R4=""),"",IF(OR(AND(Q4>=1,Q4<=3),AND(R4>=1,R4<=3)),"Y","N")) -> Y | T4: Y | U4: Y | V4: Y | W4: N | X4: Y | Y4: 예시 행 — 집계에서 제외됨
A5: 1 | B5: 지현 | C5: https://www.instagram.com/p/DebSBlTkkvr/ | D5: 게시물 | F5: 광주 상무지구 | H5: 다도해물나라 | I5: 광주 서구 마륵복개로 57 1층 | L5: Y | M5: 다도해물나라 | N5: 광주 서구 마륵복개로 57 | O5: Y | Q5: 1 | S5: =IF(AND(Q5="",R5=""),"",IF(OR(AND(Q5>=1,Q5<=3),AND(R5>=1,R5<=3)),"Y","N")) -> Y | T5: Y | U5: Y | V5: Y | W5: Y | X5: Y | Y5: 캡션에 상호·주소·영업시간·전화번호가 모두 있음. og 메타는 로그인 없는 브라우저(가정용 IP)에서 확인, 서버 IP 결과는 미측정. 메뉴·가격은 캡션에 없음(캐러셀 이미지에 있을 가능성). 카카오맵 웹 1위 확인(평점 4.0, 영업시간 표시) — REST API 응답은 별도 확인 필요. | Google: 4.2점(323), 영업 11:00–21:30 (카카오·캡션 21:00과 다름), 가격 $$
A6: 2 | B6: 지현 | C6: https://www.instagram.com/reel/DeWgkk4SoC4/ | D6: 릴스 | H6: 해당 없음 (장소 콘텐츠 아님) | L6: Y | M6: 없음 | N6: 없음 | O6: N | S6: =IF(AND(Q6="",R6=""),"",IF(OR(AND(Q6>=1,Q6<=3),AND(R6>=1,R6<=3)),"Y","N")) | Y6: 다이어트 식단 제품 릴스 — 맛집·카페가 아님. 캡션에 장소·상품명 단서 없음. 영상은 연령 제한으로 비로그인 시 재생 불가(og 메타는 수집됨). 서버 IP 결과 미측정. 범위 밖 입력 처리 사례로 기록.
A7: 3 | B7: 지현 | C7: https://www.instagram.com/reel/DeMiXAdJ49Q/ | D7: 릴스 | F7: 광주 우산동(하남) | H7: 장군닭발 | I7: 광주 광산구 풍영철길로 15 콜럼버스월드 B1 B103호 (우산동 1587-1) | L7: Y | M7: 장군닭발 | N7: 우산동, 하남 | O7: Y | Q7: 1 | R7: 0 | S7: =IF(AND(Q7="",R7=""),"",IF(OR(AND(Q7>=1,Q7<=3),AND(R7>=1,R7<=3)),"Y","N")) -> Y | T7: Y | U7: Y | V7: N | W7: N | X7: N | Y7: 캡션 끝에 "💌 우산동 장군닭발" 형식으로 상호+동 표기. 추천 이유·메뉴(닭발, 오돌뼈, 똥집, 양념갈비, 닭발+마요+주먹밥 조합)가 캡션에 풍부. 카카오 "장군닭발" 검색 시 1위(전국 74건), "우산동 장군닭발" 검색 시 결과에 없음 — 도로명 주소라 동 이름 결합 검색이 실패. 카카오 별점 0.0(후기 없음), 메뉴는 등록됨. og 메타는 비로그인 브라우저에서 확인, 서버 IP 미측정. | Google: 평점 없음, 영업 화–일 17:00–24:00/월 휴무
A8: 4 | B8: 지현 | C8: https://www.instagram.com/reel/Dd0lf4ABCUI/ | D8: 릴스 | F8: 광주 문흥동 | H8: 이현김밥 | I8: 광주 북구 평교로 26 1층 (문흥동 924-12) | L8: Y | M8: 이현김밥 | N8: 북구 평교로 26-1, 문흥동 | O8: Y | Q8: 1 | S8: =IF(AND(Q8="",R8=""),"",IF(OR(AND(Q8>=1,Q8<=3),AND(R8>=1,R8<=3)),"Y","N")) -> Y | T8: Y | U8: Y | V8: Y | W8: N | X8: Y | Y8: 캡션에 상호·도로명 주소·영업시간·메뉴 3종(이현김밥, 참치와사비김밥, 매콤오징어진미김밥)·추천 이유가 모두 있음. 위치 태그도 "문흥동"으로 구체적. 카카오 "이현김밥" 1위(전체 3건). 주소 불일치: 캡션 평교로 26-1 vs 카카오 평교로 26 → 주소 비교는 정확 일치가 아닌 근사 비교 필요. 영업정보 차이: 캡션 "주 2일 휴무" vs 카카오 "화~금 10:00~14:00". 상호명이 메뉴명과 같음(이현김밥). 이 샘플부터 브라우저가 로그인 상태로 보임(좋아요 수 비노출). | Google: 5.0점(3), 영업 월–금 11–18·토 11–14 → 캡션(10–14)·카카오(화–금 10–14)와 크게 다름. 오래된 정보로 보임
A9: 5 | B9: 지현 | C9: https://www.instagram.com/reel/DdIo8VcTB-Y/ | D9: 릴스 | F9: 광주 북구 신용동(첨단) | H9: 원화소복 | I9: 광주 북구 임방울대로1042번길 14-20 1층 104호 (신용동 542-21) | L9: Y | M9: 원화소복 | N9: 북구 임방울대로1042번길 14-20 | O9: Y | Q9: 1 | S9: =IF(AND(Q9="",R9=""),"",IF(OR(AND(Q9>=1,Q9<=3),AND(R9>=1,R9<=3)),"Y","N")) -> Y | T9: N | U9: N | V9: N | W9: N | X9: N | Y9: 캡션 끝 "✔️ 상호 / 📍주소" 정형 표기, 주소가 카카오와 정확히 일치. 신메뉴 4종(딸기·샤인머스켓·무화과 요거트 모찌, 홍시 찹쌀떡) 언급. 카카오 검색 결과 1건, 1위. 카카오 카테고리는 "떡,한과"라 카페·디저트 분류 기준 필요. 위치 태그는 "광주"뿐. | Google: 검색 결과 없음(주변 아파트만 나옴)
A10: 6 | B10: 지현 | C10: https://www.instagram.com/reel/DeRHxgqznzt/ | D10: 릴스 | F10: 광주(지역 미상) | H10: 복수 장소 (영상 화면에 18곳 이상 목록) | L10: Y | M10: 없음 | N10: 광주 | O10: N | P10: Y | S10: =IF(AND(Q10="",R10=""),"",IF(OR(AND(Q10>=1,Q10<=3),AND(R10>=1,R10<=3)),"Y","N")) | Y10: [유형: 여러 곳 모음 + 영상으로만 소개] 캡션은 "광주 토박이가 끓여주는 맛집 best10"과 해시태그뿐. 상호 목록은 영상 화면 텍스트에만 있음(국제연탄, 신쭈꾸미(상무), 짱구이생막창, 루키초밥, 김서방국밥, 한우촌, 고서옛날창평국밥 등 18곳 이상, 제목은 best10). 지점·지역 정보는 대부분 없음. 위치 태그 없음(오리지널 오디오). 댓글은 브라우저에서 로드되지 않아 미확인. og 메타만으로는 장소 추출 불가 → OCR 필요 사례. 화면 확인은 로그인 상태 브라우저. 커버 이미지(영상 첫 화면)에 상호 목록이 고정 글자로 표시됨 → 커버 OCR 단서 Y.
A11: 7 | B11: 지현 | C11: https://www.instagram.com/reel/DV-CmUZkRWg/ | D11: 릴스 | E11: 대형 | F11: 서울 망원동 | G11: N | H11: 복수 3곳: 오얏키친 / 피망룸 / 히비노 | I11: 마포구 월드컵로13길 19-23 201호 / 희우정로20길 54 2층 / 성미산로 20 2층 | L11: Y | M11: 오얏키친, 피망룸, 히비노 | N11: 서울 마포구 (3곳 모두 도로명 주소) | O11: Y | Q11: 1 | S11: =IF(AND(Q11="",R11=""),"",IF(OR(AND(Q11>=1,Q11<=3),AND(R11>=1,R11<=3)),"Y","N")) -> Y | T11: Y | U11: N | V11: Y | W11: N | X11: Y | Y11: [유형: 여러 곳 모음 + 정형 캡션, 서울] 캡션에 3곳 각각 상호·인스타 계정·도로명 주소·영업시간이 정리됨. 카카오 상호 검색 3곳 모두 1위(결과 1~2건). 게시일 2026-03-16로 7개월 전 "신상" 소개 → 오얏키친 영업시간 캡션 11:00-20:00 vs 카카오 11:00-16:00 불일치(게시 후 변경 추정). 좋아요 3,188개 대형 계정. 순위 칸은 3곳 모두 1위라 1로 기록. | Google 3곳: 오얏키친 4.3(3) 영업시간 없음 / 피망룸 5.0(1) 영업시간 있음(화 휴무 일치) / 히비노 평점·영업시간 없음. 행에는 다수 기준으로 기록
A12: 8 | B12: 지현 | C12: https://www.instagram.com/reel/Dakdm7hJSL-/ | D12: 릴스 | E12: 대형 | F12: 서울 성수(뚝섬역) | G12: N | H12: 복수 3곳: 팔레트커리 / 아이안 / 코리야 | I12: 성동구 상원1길 35 / 왕십리로4가길 3 3층 / 왕십리로4길 10-20 B1 | L12: Y | M12: 팔레트커리, 아이안, 코리야 (+인스타 계정) | N12: 뚝섬역, 성수동, 서울숲 | O12: Y | Q12: 3 | R12: 1 | S12: =IF(AND(Q12="",R12=""),"",IF(OR(AND(Q12>=1,Q12<=3),AND(R12>=1,R12<=3)),"Y","N")) -> Y | T12: Y | U12: Y | V12: Y | W12: Y | X12: Y | Y12: [유형: 여러 곳 모음 + 협찬 광고, 서울] 캡션에 3곳 상호·인스타 계정·추천 이유·추천 메뉴(믹스드 탄두리, 시즌 아이스크림, 카키고오리)는 있으나 주소 없음. 지역은 "뚝섬역/성수동" 제목·해시태그에만. 카카오 상호만 검색: 팔레트커리 1위(1건), 코리야 1위(2건, 망원점과 구분 필요), 아이안 3위(35건, 일반 단어). "성수 아이안" 검색 시 1위 → 장군닭발과 반대로 지역 결합이 도움됨 → 두 검색을 모두 돌려 합치는 전략 필요. 순위 칸은 3곳 중 가장 낮은 순위 기록. 게시물에 "협찬 광고" 표시 → 추천 이유를 광고로 표시해야 하는지 판단 필요. | Google 3곳: 팔레트커리 4.8(17) 영업시간·$$ / 아이안 4.8(23) 영업시간 없음·$$ / 코리야 5.0(71) 영업시간 있음
A13: 9 | B13: 지현 | C13: https://www.instagram.com/reel/DbS7TLxThK3/ | D13: 릴스 | E13: 소형 | F13: 대구 (경북대·동성로·대봉동) | G13: N | H13: 복수 9곳 (석정관, 마라도생굴구이, 양지포차, 이자카야보우, 팀스쿠치나, 8번식당 본점, 안동막창 대구본점, 요주본점, 신세계 양꼬치) | L13: Y | M13: 9곳 상호 (+일부 인스타 계정) | N13: 곳별 지역 은어: 동성로, 경대정문, 대봉동, 경대 북문 / 전체: 대구 | O13: Y | Q13: 3 | S13: =IF(AND(Q13="",R13=""),"",IF(OR(AND(Q13>=1,Q13<=3),AND(R13>=1,R13<=3)),"Y","N")) -> Y | T13: Y | U13: Y | V13: Y | W13: Y | X13: Y | Y13: [유형: 여러 곳 모음 9곳, 대구, 주소 없음] 캡션에 상호·추천 메뉴·곳별 지역 힌트는 있으나 주소 없음. 4곳 표본 확인(상호만 검색): 8번식당 본점 1위(1건) / 마라도생굴구이 3건 중 "경대정문" 힌트에 맞는 대현점(북구 경대로)이 3위, 본점이 1위 / 신세계 양꼬치 1위가 광주 지점, 대구 지점은 2위 / 양지포차 전국 10건, 대구 1위는 달서구인데 캡션 힌트 없어 정답 확정 불가. 지역 힌트가 "경대정문"처럼 줄임말·은어라 주소 문자열과 직접 비교 불가 → 지역명 정규화(경대→경북대, 대현동/경대로) 필요. 체인 지점 구분이 핵심 난제. 순위 칸은 확인한 곳 중 최저 순위(3). | Google 표본 1곳: 8번식당 4.2(808), 영업시간·$$ 있음
A14: 10 | B14: 지현 | C14: https://www.instagram.com/p/DdyZ8kHmEys/ | D14: 게시물 | E14: 대형 | F14: 지역 정보 없음 | G14: N | H14: 고봉당 (체인, 지점 특정 불가) | L14: Y | M14: 고봉당 | N14: 없음 | O14: N | S14: =IF(AND(Q14="",R14=""),"",IF(OR(AND(Q14>=1,Q14<=3),AND(R14>=1,R14<=3)),"Y","N")) | Y14: [유형: 체인 브랜드 + 지역 정보 없음] 캡션에 메뉴(치즈폭탄 등갈비, 주먹밥, 인절미 떡구이)·맛 묘사·추천 이유는 풍부하나 장소 정보는 "▫️상호: #고봉당"뿐. 위치 태그 없음. 카카오 "고봉당" 검색 7곳 모두 서울·안양 지점(용산, 혜화, 범계, 논현, 홍대, 을지로, 문정) → 어느 지점인지 특정 불가. 공유 링크에 img_index=3(3번째 이미지) 포함 — 해당 이미지는 음식 사진+자막으로 지점 단서 없음. 브랜드 홍보형 콘텐츠로 보임. 상호 단서는 있으나 장소 특정 불가라 단서 추출 N, 순위 비움.
A15: 11 | B15: 지현 | C15: https://www.instagram.com/reel/DaVBs5ABuMS/ | D15: 릴스 | E15: 대형 | F15: 서울 망원(실제 성산동) | G15: N | H15: 나랑가 | I15: 서울 마포구 성미산로 71 1층 (성산동 231-17) | L15: Y | M15: 나랑가 | N15: 망원동, 마포구 | O15: Y | Q15: 2 | R15: 1 | S15: =IF(AND(Q15="",R15=""),"",IF(OR(AND(Q15>=1,Q15<=3),AND(R15>=1,R15<=3)),"Y","N")) -> Y | T15: N | U15: N | V15: N | W15: N | X15: N | Y15: [유형: 한 곳 + 서술형 개인 후기] 캡션이 일기체 후기이고 상호는 본문 중 "📍나랑가"로 등장. 메뉴별 가격(도로 32,000 / 오도로 38,000 / 특도로 42,000원)과 웨이팅·대기실 정보까지 있음 — 가격이 나온 첫 샘플. 위치 태그 "망원". 카카오 "나랑가" 검색 시 1위는 장성군 협동조합(단체), 정답은 2위 → 음식점·카페 카테고리 필터로 해결 가능. "망원 나랑가" 검색 시 1위. 실제 지번은 성산동이지만 카카오가 "망원" 지역어로 찾아줌 → 동 이름 문자열 비교가 아니라 카카오 검색의 지역 인식에 맡기는 편이 나은 사례. | Google: 검색 결과 없음
A16: 12 | B16: 지현 | C16: https://www.instagram.com/p/DXijTeAAWME/ | D16: 게시물 | E16: 대형 | F16: 광주 전역 | G16: N | H16: 복수 52곳 (캐러셀 이미지, 2번째 이미지: 산수쌈밥 / 서울곱창 / 행복담 / 부부더상록) | I16: 2번째 이미지 표본: 서울곱창 = 광주 광산구 송정로15번길 71 1층 | L16: Y | M16: 캡션: 영미오리탕, 화정떡갈비 2곳만 | N16: 광주, 동명동, 수완지구 | O16: N | R16: 1 | S16: =IF(AND(Q16="",R16=""),"",IF(OR(AND(Q16>=1,Q16<=3),AND(R16>=1,R16<=3)),"Y","N")) -> Y | T16: Y | U16: Y | V16: Y | W16: Y | X16: Y | Y16: [유형: 여러 곳 모음 52곳 + 정보가 캐러셀 이미지에만, 매체 계정] 캡션은 "광주 맛집 52곳" 소개문과 2곳 이름뿐. 각 이미지에 4곳씩 상호 + 짧은 도로명 주소(예: 동계로 11, 송정로15번길 71) + 한 줄 설명이 인쇄돼 있음 → 이미지 OCR 필요(커버가 아니라 2번째 이후 이미지). 공유 링크의 img_index=2가 사용자가 보던 이미지를 가리킴 → 그 이미지 우선 분석 가능. 이미지 alt 텍스트는 비어 있음. 표본 확인: "서울곱창" 상호만 검색 시 전국 1,566건(광주만 걸러도 정답 6번째) → "광주 송정로15번길 71" 주소 검색 시 1위. 흔한 상호는 OCR로 얻은 주소로 검색해야 함. 사용자 저장함에 실제 저장된 게시물(북마크 표시 확인). | Google 표본 1곳: 서울곱창 4.0(834), 영업 10:30–21:00, $$
A17: 13 | B17: 지현 | C17: https://www.instagram.com/reel/DXYmHpKCdSC/ | D17: 릴스 | E17: 소형 | F17: 광주 광산구 도산동(송정) | G17: N | H17: 코끼리생막창 | I17: 광주 광산구 남동길30번길 43 1층 | L17: Y | M17: 코끼리생막창 | N17: [도산동] 광주 광산구 남동길30번길 43, 송정 | O17: Y | Q17: 1 | S17: =IF(AND(Q17="",R17=""),"",IF(OR(AND(Q17>=1,Q17<=3),AND(R17>=1,R17<=3)),"Y","N")) -> Y | T17: Y | U17: Y | V17: Y | W17: Y | X17: Y | Y17: [유형: 한 곳 + 정형 캡션(Information 블록)] 캡션에 주소·영업시간·가격(생막창 17,000, 점심특선 1만원)·유아의자·주차 없음·셀프바(묵은지, 명이나물)까지 정리됨 — 지금까지 가장 구조화된 캡션. 카카오 "코끼리생막창" 1위(2건), 주소·영업시간 일치. 유아의자/주차/점심특선처럼 카카오에 잘 안 나오는 실용 정보가 캡션에만 있음. 이 계정은 사용자가 팔로우 중이며 1번 샘플(bbo.log) 계정이 좋아요 누름 — 표본이 같은 광주 맛집 계정 네트워크에 몰려 있음. | Google: 3.8점(9), 영업 11:00–21:30 (캡션·카카오 23:00과 다름), $$
A18: 14 | S18: =IF(AND(Q18="",R18=""),"",IF(OR(AND(Q18>=1,Q18<=3),AND(R18>=1,R18<=3)),"Y","N"))
A19: 15 | S19: =IF(AND(Q19="",R19=""),"",IF(OR(AND(Q19>=1,Q19<=3),AND(R19>=1,R19<=3)),"Y","N"))
A20: 16 | S20: =IF(AND(Q20="",R20=""),"",IF(OR(AND(Q20>=1,Q20<=3),AND(R20>=1,R20<=3)),"Y","N"))
A21: 17 | S21: =IF(AND(Q21="",R21=""),"",IF(OR(AND(Q21>=1,Q21<=3),AND(R21>=1,R21<=3)),"Y","N"))
A22: 18 | S22: =IF(AND(Q22="",R22=""),"",IF(OR(AND(Q22>=1,Q22<=3),AND(R22>=1,R22<=3)),"Y","N"))
A23: 19 | S23: =IF(AND(Q23="",R23=""),"",IF(OR(AND(Q23>=1,Q23<=3),AND(R23>=1,R23<=3)),"Y","N"))
A24: 20 | S24: =IF(AND(Q24="",R24=""),"",IF(OR(AND(Q24>=1,Q24<=3),AND(R24>=1,R24<=3)),"Y","N"))
A25: 21 | S25: =IF(AND(Q25="",R25=""),"",IF(OR(AND(Q25>=1,Q25<=3),AND(R25>=1,R25<=3)),"Y","N"))
A26: 22 | S26: =IF(AND(Q26="",R26=""),"",IF(OR(AND(Q26>=1,Q26<=3),AND(R26>=1,R26<=3)),"Y","N"))
A27: 23 | S27: =IF(AND(Q27="",R27=""),"",IF(OR(AND(Q27>=1,Q27<=3),AND(R27>=1,R27<=3)),"Y","N"))
A28: 24 | S28: =IF(AND(Q28="",R28=""),"",IF(OR(AND(Q28>=1,Q28<=3),AND(R28>=1,R28<=3)),"Y","N"))
A29: 25 | S29: =IF(AND(Q29="",R29=""),"",IF(OR(AND(Q29>=1,Q29<=3),AND(R29>=1,R29<=3)),"Y","N"))
... A34: 30 | S34: =IF(AND(Q34="",R34=""),"",IF(OR(AND(Q34>=1,Q34<=3),AND(R34>=1,R34<=3)),"Y","N"))

Sheet 캡션복사
A1: 캡션 복사 테스트 — 대체 경로(캡션 붙여넣기)가 성립하는지 확인
A3: 기기 / OS | B3: 인스타 앱 버전 | C3: 콘텐츠 유형 | D3: 복사 가능 | E3: 복사 방법 | F3: 메모
A4: iOS | C4: 게시물
A5: iOS | C5: 릴스
A6: Android | C6: 게시물
A7: Android | C7: 릴스
A9: 복사 가능: Y = 앱 안에서 바로 복사됨 · 부분 = 우회(링크 공유 후 웹에서 복사 등)로만 가능 · N = 불가
